{"stats":{"minecraft:mined":{"minecraft:spruce_leaves":2,"minecraft:oak_log":2},"minecraft:used":{"minecraft:spruce_sapling":1},"minecraft:custom":{"minecraft:jump":39,"minecraft:time_since_rest":9321,"minecraft:leave_game":1,"minecraft:damage_taken":10,"minecraft:sprint_one_cm":5898,"minecraft:play_time":9321,"minecraft:time_since_death":9321,"minecraft:walk_one_cm":2756,"minecraft:total_world_time":9321,"minecraft:fall_one_cm":871,"minecraft:fly_one_cm":8571},"minecraft:crafted":{"minecraft:oak_planks":8},"minecraft:picked_up":{"minecraft:spruce_sapling":1,"minecraft:oak_log":2}},"DataVersion":3953}