{"stats":{"minecraft:mined":{"minecraft:spruce_log":3,"minecraft:spruce_leaves":2,"minecraft:crafting_table":1},"minecraft:used":{"minecraft:spruce_boat":1,"minecraft:crafting_table":1,"minecraft:spruce_sapling":1},"minecraft:custom":{"minecraft:time_since_rest":4396,"minecraft:sprint_one_cm":12798,"minecraft:play_time":4396,"minecraft:damage_taken":10,"minecraft:walk_one_cm":7067,"minecraft:walk_under_water_one_cm":474,"minecraft:boat_one_cm":3004,"minecraft:jump":89,"minecraft:walk_on_water_one_cm":2065,"minecraft:leave_game":2,"minecraft:time_since_death":4396,"minecraft:total_world_time":4396,"minecraft:swim_one_cm":7995,"minecraft:interact_with_crafting_table":1,"minecraft:fall_one_cm":3586,"minecraft:fly_one_cm":17737},"minecraft:crafted":{"minecraft:spruce_boat":1,"minecraft:crafting_table":1,"minecraft:spruce_planks":12,"minecraft:stick":4},"minecraft:picked_up":{"minecraft:crafting_table":1,"minecraft:spruce_sapling":1,"minecraft:spruce_log":3}},"DataVersion":3953}