{"stats":{"minecraft:used":{"minecraft:spruce_sapling":1},"minecraft:picked_up":{"minecraft:oak_log":2,"minecraft:spruce_sapling":1,"minecraft:spruce_log":1},"minecraft:mined":{"minecraft:spruce_log":1,"minecraft:spruce_leaves":2,"minecraft:oak_log":2},"minecraft:custom":{"minecraft:jump":45,"minecraft:time_since_rest":19010,"minecraft:walk_one_cm":3123,"minecraft:damage_taken":10,"minecraft:leave_game":1,"minecraft:play_time":19010,"minecraft:sprint_one_cm":5989,"minecraft:time_since_death":19010,"minecraft:total_world_time":19010,"minecraft:fall_one_cm":1289,"minecraft:fly_one_cm":9791},"minecraft:crafted":{"minecraft:spruce_planks":4,"minecraft:oak_planks":8}},"DataVersion":3953}