{"stats":{"minecraft:crafted":{"minecraft:birch_planks":16,"minecraft:stick":4,"minecraft:crafting_table":1},"minecraft:mined":{"minecraft:birch_log":5,"minecraft:oak_log":4,"minecraft:birch_leaves":3},"minecraft:picked_up":{"minecraft:stick":2,"minecraft:oak_log":4,"minecraft:dirt":10,"minecraft:birch_log":6},"minecraft:killed_by":{"minecraft:zombie":1},"minecraft:custom":{"minecraft:jump":41,"minecraft:time_since_rest":2681,"minecraft:walk_one_cm":6064,"minecraft:damage_taken":315,"minecraft:leave_game":2,"minecraft:play_time":15625,"minecraft:time_since_death":2642,"minecraft:deaths":1,"minecraft:total_world_time":15625,"minecraft:sprint_one_cm":4312,"minecraft:fall_one_cm":1328,"minecraft:fly_one_cm":7381}},"DataVersion":3953}